R, [case-15-Random, 0, 0, 197.01282096052222, 0.014785659633843883, 0.022755386167846624, 16.38939839970673],[3.0915E8, 6.89981202519644E8, 5.88154119967755E8]
R, [case-23-Random, 0, 0, 95.18563290840524, 0.02033281370924641, 0.010834489132007465, 12.083560927830344],[3.0915E8, 6.03274477491202E8, 1.02257312741102E9]
R, [case-23-Random, 0, 0, 95.18563290840524, 0.02033281370924641, 0.010834489132007465, 12.083560927830344],[3.0915E8, 8.81713176096491E8, 1.27609646029602E7]
R, [case-29-Random, 0, 0, 151.06112517319792, 0.014832103543671293, 0.007268881359152736, 10.073870992781517],[3.0915E8, 3.53096065602457E8, 1.6425073523698E9]
R, [case-51-Random, 0, 0, 244.51108056421614, 0.014220425523244339, 0.06302202583834492, 9.19794877709974],[3.0915E8, 6.99127587446926E8, 5.45656554320873E8]
R, [case-51-Random, 0, 0, 244.51108056421614, 0.014220425523244339, 0.06302202583834492, 9.19794877709974],[3.0915E8, 9.2517972533719E8, 7325486.85815583]
R, [case-55-Random, 0, 0, 0.6619056083914909, 0.017554273271126256, 0.016220477834581012, 14.254873806593581],[3.0915E8, 6.57473359673751E8, 6.87526155631201E8]
R, [case-81-Random, 0, 0, 330.55135664114164, 0.008970045915966363, 0.017138922203066093, 16.32055126572981],[3.0915E8, 5.66835038090011E8, 1.4411086718549E9]
R, [case-81-Random, 0, 0, 330.55135664114164, 0.008970045915966363, 0.017138922203066093, 16.32055126572981],[3.0915E8, 8.80946050292772E8, 1.76251805031959E7]
RM, [case-15-Random, 0, 0, 197.01282096052222, 0.014785659633843883, 0.022755386167846624, 16.38939839970673],[3.0915E8, 6.89981202519644E8, 5.88154119967755E8]
RM, [case-23-Random, 0, 0, 95.18563290840524, 0.02033281370924641, 0.010834489132007465, 12.083560927830344],[3.0915E8, 6.03274477491202E8, 1.02257312741102E9]
RM, [case-51-Random, 0, 0, 244.51108056421614, 0.014220425523244339, 0.06302202583834492, 9.19794877709974],[3.0915E8, 6.99127587446926E8, 5.45656554320873E8]
RM, [case-55-Random, 0, 0, 0.6619056083914909, 0.017554273271126256, 0.016220477834581012, 14.254873806593581],[3.0915E8, 6.57473359673751E8, 6.87526155631201E8]
SR, [case-3-SemiRandom, 0, 0, 107.13524216097683, 0.019727485344135844, 0.08722760109823745, 6.924818383345291],[3.0915E8, 6.9897466540212E8, 5.86820600860401E8]
SR, [case-6-SemiRandom, 0, 0, 214.1588785035932, 0.02419253892621353, 0.04335610432808222, 15.245066471598317],[3.0915E8, 4.89405705056122E8, 1.32588552070712E9]
SR, [case-6-SemiRandom, 0, 0, 214.1588785035932, 0.02419253892621353, 0.04335610432808222, 15.245066471598317],[3.0915E8, 7.66527382824409E8, 1.71445738944403E7]
SR, [case-72-SemiRandom, 0, 0, 293.922137402164, 0.011729182129766584, 0.09792601609579392, 13.566130883210969],[3.0915E8, 5.11676322764281E8, 1.30942153761612E9]
SR, [case-72-SemiRandom, 0, 0, 293.922137402164, 0.011729182129766584, 0.09792601609579392, 13.566130883210969],[3.0915E8, 8.14007763836242E8, 1.68483672840314E7]
SR, [case-79-SemiRandom, 0, 0, 235.54169532253073, 0.023079271070246057, 0.03415838307642693, 18.37472291953253],[3.0915E8, 4.07237596472108E8, 1.36882170712257E9]
SR, [case-82-SemiRandom, 0, 0, 250.851877768391, 0.020612817768585034, 0.04087939814841606, 9.217014224627532],[3.0915E8, 7.10031858601882E8, 8.28657053270133E7]
SR, [case-90-SemiRandom, 0, 0, 39.91406471329007, 0.014478614186326105, 0.0034963737180639235, 7.207300835576904],[3.0915E8, 7.04380372920268E8, 1.52708409557422E8]
SR, [case-95-SemiRandom, 0, 0, 13.185192552766594, 0.02047336224660018, 0.0639514982461585, 3.1823879681153238],[3.0915E8, 6.83603003858432E8, 7.71943394003751E8]
SR, [case-95-SemiRandom, 0, 0, 13.185192552766594, 0.02047336224660018, 0.0639514982461585, 3.1823879681153238],[3.0915E8, 9.32679871468939E8, 1.21617444739073E7]
SRM, [case-3-SemiRandom-AUMENTA PARAM=6-AUMENTA PARAM=5-AUMENTA PARAM=4-AUMENTA PARAM=3, 0, 0, 108.0, 0.025, 0.10206170054859134, 7.100428241599687],[3.0915E8, 4.44194221221916E8, 1.64674629265624E9]
SRM, [case-6-SemiRandom-AUMENTA PARAM=3-DISMINUYE PARAM=6-AUMENTA PARAM=5-AUMENTA PARAM=4, 0, 0, 226.8, 0.02432, 0.044907148241380195, 15.215203374856472],[3.0915E8, 6.28641550734847E8, 5.85049444668947E8]
SRM, [case-72-SemiRandom-DISMINUYE PARAM=6-DISMINUYE PARAM=3-AUMENTA PARAM=5-AUMENTA PARAM=4, 0, 0, 280.8, 0.01191, 0.10206170054859134, 13.389378969873695],[3.0915E8, 6.01450047593011E8, 6.43873949267221E8]
SRM, [case-72-SemiRandom-DISMINUYE PARAM=3-AUMENTA PARAM=6-AUMENTA PARAM=5-AUMENTA PARAM=4, 0, 0, 280.8, 0.01191, 0.10206170054859134, 13.592248348205116],[3.0915E8, 6.04530234903335E8, 6.41120319456062E8]
SRM, [case-79-SemiRandom-DISMINUYE PARAM=6-AUMENTA PARAM=5-DISMINUYE PARAM=3-AUMENTA PARAM=4, 0, 0, 234.0, 0.02364, 0.034700978186521056, 18.258244049827766],[3.0915E8, 6.8339222272585E8, 3.8582927089253E8]
SRM, [case-90-SemiRandom, 0, 0, 39.91406471329007, 0.014478614186326105, 0.0034963737180639235, 7.207300835576904],[3.0915E8, 7.04380372920268E8, 1.52708409557422E8]
SRM, [case-95-SemiRandom-AUMENTA PARAM=5-AUMENTA PARAM=3-DISMINUYE PARAM=6-AUMENTA PARAM=4, 0, 0, 14.4, 0.025, 0.10206170054859134, 3.0430406749712944],[3.0915E8, 3.84980219755336E8, 1.69228537725337E9]
SRM, [case-95-SemiRandom-AUMENTA PARAM=5-AUMENTA PARAM=4-DISMINUYE PARAM=3-AUMENTA PARAM=6, 0, 0, 10.8, 0.025, 0.10206170054859134, 3.448779431634134],[3.0915E8, 3.90766579401835E8, 1.68945152732271E9]
R, [case-1-Random, 0, 0, 354.76838024646236, 0.012399152597223448, 0.009135184919075875, 11.123111935146012],[3.0915E8, 3.61328328862686E8, 1.53473601520823E9]
R, [case-3-Random, 0, 0, 38.15056409826167, 0.008228539846214146, 0.057907216447028266, 16.94701155787478],[3.0915E8, 7.12292687089609E8, 3.11909672630776E8]
R, [case-4-Random, 0, 0, 135.29553405400782, 0.01742022947068619, 0.09739028986532744, 4.319479349735899],[3.0915E8, 4.33115259112047E8, 1.14477447844622E9]
R, [case-61-Random, 0, 0, 76.92791184261839, 0.022569810998652247, 0.0017543672124078775, 17.49491083484626],[3.0915E8, 7.10458753760641E8, 4.30197132363678E8]
R, [case-61-Random, 0, 0, 76.92791184261839, 0.022569810998652247, 0.0017543672124078775, 17.49491083484626],[3.0915E8, 9.15925296684119E8, 5851231.34066303]
R, [case-70-Random, 0, 0, 165.2786803692109, 0.01578678044522146, 0.04390219018034099, 2.0015210780201427],[3.0915E8, 3.79583775556643E8, 1.48773350656937E9]
R, [case-76-Random, 0, 0, 218.06238198448642, 0.013881232711388858, 0.06667579678080462, 19.04651094861542],[3.0915E8, 5.73480197411483E8, 1.01744430567078E9]
R, [case-76-Random, 0, 0, 218.06238198448642, 0.013881232711388858, 0.06667579678080462, 19.04651094861542],[3.0915E8, 8.49592057903278E8, 1.26242197573927E7]
R, [case-86-Random, 0, 0, 128.4551659925516, 0.014723717151134297, 0.035620910635635335, 2.734590765746411],[3.0915E8, 6.36640602091763E8, 8.95096075389019E8]
R, [case-86-Random, 0, 0, 128.4551659925516, 0.014723717151134297, 0.035620910635635335, 2.734590765746411],[3.0915E8, 9.08371305714875E8, 1.23135235712336E7]
R, [case-91-Random, 0, 0, 320.23413659212815, 0.009708756462289622, 0.029849608728602806, 14.901466363155398],[3.0915E8, 7.1543850959769E8, 1.01643162299355E8]
RM, [case-3-Random, 0, 0, 38.15056409826167, 0.008228539846214146, 0.057907216447028266, 16.94701155787478],[3.0915E8, 7.12292687089609E8, 3.11909672630776E8]
RM, [case-4-Random, 0, 0, 135.29553405400782, 0.01742022947068619, 0.09739028986532744, 4.319479349735899],[3.0915E8, 4.33115259112047E8, 1.14477447844622E9]
RM, [case-61-Random, 0, 0, 76.92791184261839, 0.022569810998652247, 0.0017543672124078775, 17.49491083484626],[3.0915E8, 7.10458753760641E8, 4.30197132363678E8]
RM, [case-86-Random, 0, 0, 128.4551659925516, 0.014723717151134297, 0.035620910635635335, 2.734590765746411],[3.0915E8, 6.36640602091763E8, 8.95096075389019E8]
SR, [case-1-SemiRandom, 0, 0, 316.4254767459722, 0.021306394781473125, 0.0019579000109167413, 1.9206202480814019],[3.0915E8, 4.18299961049163E8, 1.44574780593614E9]
SR, [case-5-SemiRandom, 0, 0, 157.2882730089403, 0.015142873951259933, 0.014339804292672741, 4.5801749373153875],[3.0915E8, 7.04293829358772E8, 3.76199877280052E8]
SR, [case-13-SemiRandom, 0, 0, 38.80915469497959, 0.013920384559032058, 0.004523510886363822, 3.32152748549836],[3.0915E8, 6.47791086664983E8, 8.57392751920469E8]
SR, [case-41-SemiRandom, 0, 0, 118.93965455703842, 0.022850477672068974, 0.031740661379327045, 0.4493217517670285],[3.0915E8, 6.22928504656907E8, 1.154069371727E9]
SR, [case-41-SemiRandom, 0, 0, 118.93965455703842, 0.022850477672068974, 0.031740661379327045, 0.4493217517670285],[3.0915E8, 9.59168695474667E8, 1.62297122240088E7]
SR, [case-74-SemiRandom, 0, 0, 260.522871083602, 0.016988151953192535, 0.07364304368636009, 3.018420124985021],[3.0915E8, 4.41743310623654E8, 1.17445997153035E9]
SR, [case-88-SemiRandom, 0, 0, 237.9282418682962, 0.012338028814962036, 0.10070868177658562, 14.19457987444337],[3.0915E8, 6.8123888824103E8, 7.05018604857768E8]
SR, [case-89-SemiRandom, 0, 0, 23.65043789814394, 0.02236487387887981, 0.05778134839216699, 9.685705204469501],[3.0915E8, 7.21190891953663E8, 3.69380013798591E8]
SRM, [case-5-SemiRandom, 0, 0, 157.2882730089403, 0.015142873951259933, 0.014339804292672741, 4.5801749373153875],[3.0915E8, 7.04293829358772E8, 3.76199877280052E8]
SRM, [case-13-SemiRandom, 0, 0, 38.80915469497959, 0.013920384559032058, 0.004523510886363822, 3.32152748549836],[3.0915E8, 6.47791086664983E8, 8.57392751920469E8]
SRM, [case-41-SemiRandom, 0, 0, 118.93965455703842, 0.022850477672068974, 0.031740661379327045, 0.4493217517670285],[3.0915E8, 6.22928504656907E8, 1.154069371727E9]
SRM, [case-88-SemiRandom, 0, 0, 237.9282418682962, 0.012338028814962036, 0.10070868177658562, 14.19457987444337],[3.0915E8, 6.8123888824103E8, 7.05018604857768E8]
SRM, [case-89-SemiRandom-AUMENTA PARAM=4-DISMINUYE PARAM=3-DISMINUYE PARAM=6-AUMENTA PARAM=5, 0, 0, 21.6, 0.025, 0.10206170054859134, 9.534860781576723],[3.0915E8, 4.77653832728193E8, 1.59724365292988E9]
R, [case-17-Random, 0, 0, 357.7296077556391, 0.02187073595061354, 0.01768342021231476, 12.80043196230663],[3.0915E8, 7.15023987166286E8, 1.28205113136107E8]
R, [case-29-Random, 0, 0, 100.32970734657636, 0.02257726152200401, 0.010090839680807578, 18.04357547447892],[3.0915E8, 7.2685488321463E8, 1.17192390214834E8]
R, [case-53-Random, 0, 0, 111.69531846430353, 0.021450880380609244, 0.07166447619922087, 12.372822588818092],[3.0915E8, 6.62958745516395E8, 7.02982231258242E8]
R, [case-63-Random, 0, 0, 141.58130371870476, 0.021730768922841565, 0.09697644918600755, 9.736538176469272],[3.0915E8, 6.62763588433897E8, 9.04163308763964E8]
R, [case-63-Random, 0, 0, 141.58130371870476, 0.021730768922841565, 0.09697644918600755, 9.736538176469272],[3.0915E8, 9.49839933628552E8, 1.08449983671387E7]
R, [case-88-Random, 0, 0, 168.63367731391975, 0.008180089130203537, 0.0965149290709883, 1.6707592483674427],[3.0915E8, 6.9334318136655E8, 6.91847783554026E8]
R, [case-90-Random, 0, 0, 115.6312072402377, 0.01720097546812032, 0.04757384992583943, 5.264328697391214],[3.0915E8, 6.9934752577123E8, 1.67394204273668E8]
R, [case-95-Random, 0, 0, 112.01816832991793, 0.010785387860485189, 0.061728490263069, 9.122866512067716],[3.0915E8, 5.25884256539909E8, 1.33953596859005E9]
R, [case-95-Random, 0, 0, 112.01816832991793, 0.010785387860485189, 0.061728490263069, 9.122866512067716],[3.0915E8, 8.2726125285008E8, 1.64108955601096E7]
R, [case-99-Random, 0, 0, 106.796262604246, 0.018391458666860157, 0.07341821681151282, 17.858713080154658],[3.0915E8, 6.98263837176048E8, 3.34127915426886E8]
RM, [case-53-Random-AUMENTA PARAM=5-AUMENTA PARAM=6-AUMENTA PARAM=4-DISMINUYE PARAM=3, 0, 0, 111.60000000000001, 0.0216, 0.07654627541144352, 12.375032078216597],[3.0915E8, 5.47031537570989E8, 9.73906163263069E8]
RM, [case-63-Random-AUMENTA PARAM=4-DISMINUYE PARAM=6-AUMENTA PARAM=5-DISMINUYE PARAM=3, 0, 0, 108.0, 0.025, 0.10206170054859134, 9.534860781576723],[3.0915E8, 4.79007121847619E8, 1.60994308066686E9]
RM, [case-88-Random, 0, 0, 168.63367731391975, 0.008180089130203537, 0.0965149290709883, 1.6707592483674427],[3.0915E8, 6.9334318136655E8, 6.91847783554026E8]
RM, [case-99-Random-DISMINUYE PARAM=3-AUMENTA PARAM=6-AUMENTA PARAM=5-DISMINUYE PARAM=4, 0, 0, 97.2, 0.01837, 0.07450504140047169, 18.05537467149635],[3.0915E8, 6.71373518020364E8, 7.16216751493934E8]
SR, [case-1-SemiRandom, 0, 0, 299.53906290636144, 0.019215832656578103, 0.06225642955684927, 19.044963490640846],[3.0915E8, 6.43857254054113E8, 7.02343148335463E8]
SR, [case-17-SemiRandom, 0, 0, 331.2061969496999, 0.019247338543419947, 0.07205343126402416, 4.369059601699306],[3.0915E8, 5.44769186816661E8, 1.0503341404446E9]
SR, [case-17-SemiRandom, 0, 0, 331.2061969496999, 0.019247338543419947, 0.07205343126402416, 4.369059601699306],[3.0915E8, 8.30232331136402E8, 1.52916209750925E7]
SR, [case-21-SemiRandom, 0, 0, 198.86188529274392, 0.0206608407661086, 0.07668507285511122, 12.317696872272247],[3.0915E8, 6.70992076195505E8, 5.95868541893114E8]
SR, [case-25-SemiRandom, 0, 0, 18.769975939365576, 0.008114033330717356, 0.06119385994051645, 0.612487446480085],[3.0915E8, 5.37828054175318E8, 1.17674596575688E9]
SR, [case-25-SemiRandom, 0, 0, 18.769975939365576, 0.008114033330717356, 0.06119385994051645, 0.612487446480085],[3.0915E8, 8.3067790967544E8, 1.39270573253609E7]
SR, [case-40-SemiRandom, 0, 0, 46.93722172649526, 0.019401722710248155, 0.03795770435282814, 17.697831867145748],[3.0915E8, 9.06183777673742E8, 1.33753496589703E7]
SR, [case-48-SemiRandom, 0, 0, 16.94713173708573, 0.00970545864251511, 0.0369206051860778, 3.0169846092140196],[3.0915E8, 6.43407376163856E8, 1.0348093917236E9]
SR, [case-48-SemiRandom, 0, 0, 16.94713173708573, 0.00970545864251511, 0.0369206051860778, 3.0169846092140196],[3.0915E8, 9.48283034613741E8, 1.26649169363958E7]
SR, [case-51-SemiRandom, 0, 0, 5.742636289342573, 0.016679561566794898, 0.08439081197425685, 18.510551423774707],[3.0915E8, 6.85845482097708E8, 2.28735279367893E8]
SR, [case-61-SemiRandom, 0, 0, 145.99166025366105, 0.018840658383085386, 0.04777938674392028, 0.6654459203408584],[3.0915E8, 7.24751613567846E8, 1.45352740002227E8]
SR, [case-64-SemiRandom, 0, 0, 243.67888300678578, 0.023706295005327442, 0.04880926707617571, 5.796072688924044],[3.0915E8, 4.11630309994246E8, 1.3060310218725E9]
SR, [case-71-SemiRandom, 0, 0, 292.4947809579389, 0.012519466241305701, 0.040978413431131566, 17.450970686750292],[3.0915E8, 6.50581986235489E8, 6.61203355751796E8]
SR, [case-88-SemiRandom, 0, 0, 221.4646575815004, 0.012200459499223229, 0.0021246155602105683, 5.3899028196061405],[3.0915E8, 9.30089554311524E8, 1.28877325752913E7]
SRM, [case-1-SemiRandom-DISMINUYE PARAM=4-DISMINUYE PARAM=3-DISMINUYE PARAM=6-AUMENTA PARAM=5, 0, 0, 280.8, 0.01905, 0.06225763733464072, 18.866852184822026],[3.0915E8, 6.83515986532237E8, 5.95445603094891E8]
SRM, [case-17-SemiRandom, 0, 0, 331.2061969496999, 0.019247338543419947, 0.07205343126402416, 4.369059601699306],[3.0915E8, 5.44769186816661E8, 1.0503341404446E9]
SRM, [case-25-SemiRandom, 0, 0, 18.769975939365576, 0.008114033330717356, 0.06119385994051645, 0.612487446480085],[3.0915E8, 5.37828054175318E8, 1.17674596575688E9]
SRM, [case-48-SemiRandom, 0, 0, 16.94713173708573, 0.00970545864251511, 0.0369206051860778, 3.0169846092140196],[3.0915E8, 6.43407376163856E8, 1.0348093917236E9]
SRM, [case-51-SemiRandom-AUMENTA PARAM=5-AUMENTA PARAM=3-AUMENTA PARAM=6-AUMENTA PARAM=4, 0, 0, 7.2, 0.01684, 0.08471121145533082, 18.663982806490605],[3.0915E8, 6.46601011759829E8, 7.1266942677641E8]
R, [case-7-Random, 0, 0, 288.8871450262123, 0.024397078351508155, 0.060959627717071196, 16.43079711723904],[3.0915E8, 6.75087700481269E8, 6.0489509213196E8]
R, [case-7-Random, 0, 0, 288.8871450262123, 0.024397078351508155, 0.060959627717071196, 16.43079711723904],[3.0915E8, 9.26660884160661E8, 8298251.29401582]
R, [case-9-Random, 0, 0, 161.12815468515194, 0.012073069740539025, 0.07390973395126568, 6.922340477518158],[3.0915E8, 5.78295496899027E8, 1.35584008361635E9]
R, [case-9-Random, 0, 0, 161.12815468515194, 0.012073069740539025, 0.07390973395126568, 6.922340477518158],[3.0915E8, 8.82894953860488E8, 1.69593660201964E7]
R, [case-11-Random, 0, 0, 54.32508462881725, 0.020885279476202147, 0.09525211217632103, 4.372383785948418],[3.0915E8, 7.35883433422122E8, 6.99384840773404E7]
R, [case-15-Random, 0, 0, 248.3744717041552, 0.02267410122087367, 0.07848440302953437, 17.293640030054426],[3.0915E8, 6.29230610542399E8, 7.30108932558576E8]
R, [case-20-Random, 0, 0, 156.76546451657802, 0.022046603757828142, 0.0626933572452983, 16.760891623528277],[3.0915E8, 7.60067666128083E8, 1.75875854768624E7]
R, [case-26-Random, 0, 0, 83.82025934144104, 0.00967748829791052, 0.06958202194610359, 0.538345239564639],[3.0915E8, 6.98980489651377E8, 4.62211769764333E8]
R, [case-28-Random, 0, 0, 216.55048552081382, 0.020318617456127598, 0.07855115368845388, 12.930299156555238],[3.0915E8, 6.20873548472794E8, 8.35849219351261E8]
R, [case-40-Random, 0, 0, 162.737010501252, 0.012307969148201245, 0.06246905172772284, 8.099199782692773],[3.0915E8, 5.81486888725553E8, 9.84267829750547E8]
R, [case-40-Random, 0, 0, 162.737010501252, 0.012307969148201245, 0.06246905172772284, 8.099199782692773],[3.0915E8, 8.90911367637624E8, 1.25874324902116E7]
R, [case-49-Random, 0, 0, 187.55384271195322, 0.008745268584396127, 0.07756309240562934, 19.185096533531777],[3.0915E8, 7.09168853443246E8, 1.06960103490681E8]
R, [case-65-Random, 0, 0, 219.2519202190513, 0.02479393417134784, 2.880738106521197E-4, 19.752207196715545],[3.0915E8, 7.02056168555852E8, 2.52617829289592E8]
R, [case-76-Random, 0, 0, 239.90378708471644, 0.008213814786831284, 0.02216426982152167, 7.246814492093824],[3.0915E8, 9.06610809619203E8, 9895176.23950305]
R, [case-90-Random, 0, 0, 134.04328003430035, 0.012256841811883322, 0.03523688726385707, 7.992646710288425],[3.0915E8, 6.70445740063892E8, 7.1589226264384E8]
R, [case-93-Random, 0, 0, 334.7047415886176, 0.01636912761468358, 0.032639407907353556, 6.754151375085162],[3.0915E8, 6.9949962572193E8, 3.44924262819791E8]
RM, [case-7-Random-AUMENTA PARAM=5-AUMENTA PARAM=4-AUMENTA PARAM=6-DISMINUYE PARAM=3, 0, 0, 280.8, 0.02449, 0.06327825434012664, 16.43241964484499],[3.0915E8, 6.28007546130796E8, 8.76435158959491E8]
RM, [case-7-Random-AUMENTA PARAM=5-DISMINUYE PARAM=3-AUMENTA PARAM=6-DISMINUYE PARAM=4, 0, 0, 280.8, 0.02432, 0.06327825434012664, 16.43241964484499],[3.0915E8, 6.30289034393037E8, 8.69014242836277E8]
RM, [case-11-Random-DISMINUYE PARAM=6-AUMENTA PARAM=4-AUMENTA PARAM=5-AUMENTA PARAM=3, 0, 0, 75.60000000000001, 0.025, 0.10206170054859134, 4.260256944959813],[3.0915E8, 4.03233876654662E8, 1.69579783434924E9]
RM, [case-15-Random-AUMENTA PARAM=4-AUMENTA PARAM=5-DISMINUYE PARAM=3-DISMINUYE PARAM=6, 0, 0, 244.8, 0.025, 0.10206170054859134, 17.243897158170668],[3.0915E8, 5.88907949737739E8, 1.49271475411881E9]
RM, [case-20-Random-AUMENTA PARAM=6-AUMENTA PARAM=4-DISMINUYE PARAM=5-AUMENTA PARAM=3, 0, 0, 158.4, 0.02245, 0.06225763733464072, 16.83815840150783],[3.0915E8, 6.30781785655704E8, 7.38805257879521E8]
RM, [case-49-Random-AUMENTA PARAM=4-AUMENTA PARAM=5-AUMENTA PARAM=3-DISMINUYE PARAM=6, 0, 0, 216.0, 0.00936, 0.07756689241692943, 19.069721563153447],[3.0915E8, 7.04732993455355E8, 2.79543189467412E8]
RM, [case-65-Random-AUMENTA PARAM=3-DISMINUYE PARAM=6-AUMENTA PARAM=5-AUMENTA PARAM=4, 0, 0, 219.6, 0.025, 0.0010206170054859135, 19.678329698147703],[3.0915E8, 7.29003349409338E8, 7.44789500435744E7]
RM, [case-90-Random, 0, 0, 134.04328003430035, 0.012256841811883322, 0.03523688726385707, 7.992646710288425],[3.0915E8, 6.70445740063892E8, 7.1589226264384E8]
RM, [case-93-Random, 0, 0, 334.7047415886176, 0.01636912761468358, 0.032639407907353556, 6.754151375085162],[3.0915E8, 6.9949962572193E8, 3.44924262819791E8]
SR, [case-0-SemiRandom, 0, 0, 356.01296206531396, 0.01977324847923678, 0.10200900349125427, 13.957378224560072],[3.0915E8, 8.22223588132679E8, 1.70072879323917E7]
SR, [case-4-SemiRandom, 0, 0, 134.8309459689349, 0.008965414252842606, 0.08306466314417524, 7.431521243317101],[3.0915E8, 6.5305258512076E8, 7.98934879946968E8]
SR, [case-10-SemiRandom, 0, 0, 248.274919139683, 0.02008252669967457, 0.09092825886557848, 14.485764352796581],[3.0915E8, 4.3795494773196E8, 1.48773223490548E9]
SR, [case-10-SemiRandom, 0, 0, 248.274919139683, 0.02008252669967457, 0.09092825886557848, 14.485764352796581],[3.0915E8, 7.17308403855904E8, 1.97769607375342E7]
SR, [case-34-SemiRandom, 0, 0, 91.31819877794345, 0.00905273290134121, 0.026532673541789693, 3.3792574449302477],[3.0915E8, 6.91995398749543E8, 5.56736569016232E8]
SR, [case-34-SemiRandom, 0, 0, 91.31819877794345, 0.00905273290134121, 0.026532673541789693, 3.3792574449302477],[3.0915E8, 9.37536895228788E8, 8837447.71413243]
SR, [case-49-SemiRandom, 0, 0, 353.74851460439885, 0.021046417145550254, 0.04235409860296409, 2.9610536968288814],[3.0915E8, 7.51056690014068E8, 1.70975705836263E7]
SR, [case-50-SemiRandom, 0, 0, 29.296994774225674, 0.020067558265924643, 0.06390900024885225, 0.23515499303079387],[3.0915E8, 5.42319207852884E8, 1.26384191875558E9]
SR, [case-50-SemiRandom, 0, 0, 29.296994774225674, 0.020067558265924643, 0.06390900024885225, 0.23515499303079387],[3.0915E8, 8.24524961003167E8, 1.51685690167873E7]
SR, [case-56-SemiRandom, 0, 0, 110.43329528008681, 0.011549812102309136, 0.06899530739073094, 17.873247991869384],[3.0915E8, 5.772900593331E8, 1.06998048221683E9]
SR, [case-56-SemiRandom, 0, 0, 110.43329528008681, 0.011549812102309136, 0.06899530739073094, 17.873247991869384],[3.0915E8, 8.98806245754691E8, 1.45159304374027E7]
SR, [case-64-SemiRandom, 0, 0, 114.05668070481072, 0.019524176859503826, 0.005957463595353344, 2.166400194581843],[3.0915E8, 5.93139762861467E8, 8.78956362557832E8]
SR, [case-64-SemiRandom, 0, 0, 114.05668070481072, 0.019524176859503826, 0.005957463595353344, 2.166400194581843],[3.0915E8, 9.17948340871095E8, 1.18100869452503E7]
SR, [case-70-SemiRandom, 0, 0, 325.1932099395169, 0.021561411906396245, 0.09515392621306495, 10.042828920628963],[3.0915E8, 6.0149932033902E8, 8.36139047282185E8]
SR, [case-77-SemiRandom, 0, 0, 106.96592747524024, 0.009196031764016243, 0.033431954105213574, 12.438658923861517],[3.0915E8, 7.15826412100866E8, 1.1929708718119E8]
SRM, [case-4-SemiRandom, 0, 0, 134.8309459689349, 0.008965414252842606, 0.08306466314417524, 7.431521243317101],[3.0915E8, 6.5305258512076E8, 7.98934879946968E8]
SRM, [case-10-SemiRandom-AUMENTA PARAM=4-DISMINUYE PARAM=3-AUMENTA PARAM=5-AUMENTA PARAM=6, 0, 0, 244.8, 0.025, 0.10206170054859134, 14.606595239862214],[3.0915E8, 5.51197091165473E8, 1.53257821565482E9]
SRM, [case-10-SemiRandom-DISMINUYE PARAM=6-AUMENTA PARAM=5-AUMENTA PARAM=3-AUMENTA PARAM=4, 0, 0, 248.4, 0.025, 0.10206170054859134, 14.403725861530793],[3.0915E8, 5.48243106872029E8, 1.53753812364539E9]
SRM, [case-34-SemiRandom, 0, 0, 91.31819877794345, 0.00905273290134121, 0.026532673541789693, 3.3792574449302477],[3.0915E8, 6.91995398749543E8, 5.56736569016232E8]
SRM, [case-50-SemiRandom-AUMENTA PARAM=6-AUMENTA PARAM=5-AUMENTA PARAM=4-AUMENTA PARAM=3, 0, 0, 79.2, 0.025, 0.10206170054859134, 0.40573875666283926],[3.0915E8, 3.48178155068023E8, 1.75014391537744E9]
SRM, [case-64-SemiRandom, 0, 0, 114.05668070481072, 0.019524176859503826, 0.005957463595353344, 2.166400194581843],[3.0915E8, 5.93139762861467E8, 8.78956362557832E8]
SRM, [case-70-SemiRandom-DISMINUYE PARAM=6-AUMENTA PARAM=5-DISMINUYE PARAM=3-AUMENTA PARAM=4, 0, 0, 284.40000000000003, 0.025, 0.10206170054859134, 9.940599538239562],[3.0915E8, 4.84229003374823E8, 1.61265545851185E9]
R, [case-3-Random, 0, 0, 215.45996249243623, 0.012640974648714248, 0.014936272139155337, 10.859301366608795],[3.0915E8, 6.2165871536012E8, 9.54524559971317E8]
R, [case-8-Random, 0, 0, 260.42267155051354, 0.01842769821851846, 0.018015495991457797, 19.475825059798236],[3.0915E8, 9.38112077621235E8, 1.22762482304604E7]
R, [case-27-Random, 0, 0, 151.97991911188467, 0.009108802566082319, 0.0627628119936748, 14.044828990247318],[3.0915E8, 3.41033962178878E8, 1.54315008538818E9]
R, [case-28-Random, 0, 0, 254.93575037303185, 0.02496663793980357, 8.49875021024068E-4, 4.094033292224129],[3.0915E8, 6.43680430457865E8, 7.54905947401796E8]
R, [case-30-Random, 0, 0, 335.9916034850056, 0.02310197137626964, 0.0073821189051258874, 3.4751881984946666],[3.0915E8, 3.57082599498102E8, 1.30319210256725E9]
R, [case-57-Random, 0, 0, 298.83747280489206, 0.013414145567867592, 0.020787382419918676, 19.156979749418664],[3.0915E8, 7.10947993101145E8, 3.40840934688328E8]
R, [case-72-Random, 0, 0, 42.47715749347368, 0.010385169008145777, 0.0462920654991453, 18.43032085461096],[3.0915E8, 6.9652428766986E8, 7.27440921411069E8]
R, [case-72-Random, 0, 0, 42.47715749347368, 0.010385169008145777, 0.0462920654991453, 18.43032085461096],[3.0915E8, 9.43496044031164E8, 1.15228560410755E7]
R, [case-91-Random, 0, 0, 297.73432990250024, 0.02262622207174375, 0.004103239588988433, 12.641243553091286],[3.0915E8, 5.94484638265218E8, 1.22181645939214E9]
R, [case-91-Random, 0, 0, 297.73432990250024, 0.02262622207174375, 0.004103239588988433, 12.641243553091286],[3.0915E8, 9.00115168991175E8, 1.7941326434939E7]
R, [case-98-Random, 0, 0, 330.5219027746886, 0.008947714068299414, 0.02629134057538971, 13.038543515307596],[3.0915E8, 6.63620578029209E8, 7.43135301568714E8]
R, [case-99-Random, 0, 0, 174.86416550247085, 0.023064874399812068, 0.05134654964664401, 10.827942497989707],[3.0915E8, 7.12286157325665E8, 1.50031659825889E8]
RM, [case-3-Random, 0, 0, 215.45996249243623, 0.012640974648714248, 0.014936272139155337, 10.859301366608795],[3.0915E8, 6.2165871536012E8, 9.54524559971317E8]
RM, [case-8-Random-AUMENTA PARAM=4-DISMINUYE PARAM=6-AUMENTA PARAM=3-DISMINUYE PARAM=5, 0, 0, 262.8, 0.01973, 0.017350489093260528, 19.475460319816285],[3.0915E8, 7.12591586142908E8, 1.53784939845211E8]
RM, [case-28-Random, 0, 0, 254.93575037303185, 0.02496663793980357, 8.49875021024068E-4, 4.094033292224129],[3.0915E8, 6.43680430457865E8, 7.54905947401796E8]
RM, [case-57-Random, 0, 0, 298.83747280489206, 0.013414145567867592, 0.020787382419918676, 19.156979749418664],[3.0915E8, 7.10947993101145E8, 3.40840934688328E8]
RM, [case-72-Random, 0, 0, 42.47715749347368, 0.010385169008145777, 0.0462920654991453, 18.43032085461096],[3.0915E8, 6.9652428766986E8, 7.27440921411069E8]
RM, [case-91-Random, 0, 0, 297.73432990250024, 0.02262622207174375, 0.004103239588988433, 12.641243553091286],[3.0915E8, 5.94484638265218E8, 1.22181645939214E9]
RM, [case-98-Random, 0, 0, 330.5219027746886, 0.008947714068299414, 0.02629134057538971, 13.038543515307596],[3.0915E8, 6.63620578029209E8, 7.43135301568714E8]
SR, [case-7-SemiRandom, 0, 0, 40.7975889374353, 0.009834568264003151, 6.24076495211616E-4, 17.725004219699546],[3.0915E8, 6.39716906872852E8, 5.82650483114497E8]
SR, [case-13-SemiRandom, 0, 0, 293.2165446219291, 0.015115546030810846, 0.012276604847017166, 1.3891681573435581],[3.0915E8, 7.17133645810355E8, 1.17896383574677E8]
SR, [case-21-SemiRandom, 0, 0, 348.6593067847057, 0.020516860142018124, 0.0543027122211897, 14.954684586776528],[3.0915E8, 6.20470955756158E8, 7.52786293916144E8]
SR, [case-42-SemiRandom, 0, 0, 204.7846553496728, 0.01927269377137182, 0.010315475043152502, 6.622355240780032],[3.0915E8, 6.80222366783162E8, 5.53915457151935E8]
SR, [case-60-SemiRandom, 0, 0, 141.68396958684104, 0.01859580901579568, 0.08909116108895973, 11.766033027890792],[3.0915E8, 5.20143599394176E8, 1.39601896679523E9]
SR, [case-61-SemiRandom, 0, 0, 67.38087184008941, 0.019858992912462098, 0.004874128041503117, 7.237137647119167],[3.0915E8, 6.97293625437192E8, 1.27391462566501E8]
SR, [case-65-SemiRandom, 0, 0, 119.46028362637402, 0.024872600201180192, 0.10148483616067092, 12.097348231846206],[3.0915E8, 5.57100884684402E8, 1.3846141833317E9]
SR, [case-65-SemiRandom, 0, 0, 119.46028362637402, 0.024872600201180192, 0.10148483616067092, 12.097348231846206],[3.0915E8, 8.53549878578267E8, 1.66233900622941E7]
SR, [case-77-SemiRandom, 0, 0, 189.22013344963557, 0.01331693989646657, 0.09559329496875275, 6.226513628736071],[3.0915E8, 6.14752036920013E8, 1.24788674320723E9]
SR, [case-77-SemiRandom, 0, 0, 189.22013344963557, 0.01331693989646657, 0.09559329496875275, 6.226513628736071],[3.0915E8, 9.4652000414485E8, 1.65765529172179E7]
SR, [case-81-SemiRandom, 0, 0, 293.769760315381, 0.011745426505273621, 0.016463678391374376, 0.6494884049124661],[3.0915E8, 7.18042073677375E8, 1.12756377800422E8]
SR, [case-89-SemiRandom, 0, 0, 66.35313926832141, 0.02440875283400192, 0.010024066036483899, 18.89367387356542],[3.0915E8, 5.15283274760834E8, 1.54889854778771E9]
SR, [case-89-SemiRandom, 0, 0, 66.35313926832141, 0.02440875283400192, 0.010024066036483899, 18.89367387356542],[3.0915E8, 8.22602041179059E8, 1.7935422927877E7]
SRM, [case-21-SemiRandom, 0, 0, 348.6593067847057, 0.020516860142018124, 0.0543027122211897, 14.954684586776528],[3.0915E8, 6.20470955756158E8, 7.52786293916144E8]
SRM, [case-42-SemiRandom, 0, 0, 204.7846553496728, 0.01927269377137182, 0.010315475043152502, 6.622355240780032],[3.0915E8, 6.80222366783162E8, 5.53915457151935E8]
SRM, [case-60-SemiRandom, 0, 0, 141.68396958684104, 0.01859580901579568, 0.08909116108895973, 11.766033027890792],[3.0915E8, 5.20143599394176E8, 1.39601896679523E9]
SRM, [case-61-SemiRandom, 0, 0, 67.38087184008941, 0.019858992912462098, 0.004874128041503117, 7.237137647119167],[3.0915E8, 6.97293625437192E8, 1.27391462566501E8]
SRM, [case-65-SemiRandom-AUMENTA PARAM=5-AUMENTA PARAM=4-AUMENTA PARAM=6-DISMINUYE PARAM=3, 0, 0, 108.0, 0.025, 0.10206170054859134, 12.172162699885178],[3.0915E8, 5.16721142857257E8, 1.57299592254653E9]
SRM, [case-77-SemiRandom, 0, 0, 189.22013344963557, 0.01331693989646657, 0.09559329496875275, 6.226513628736071],[3.0915E8, 6.14752036920013E8, 1.24788674320723E9]
SRM, [case-89-SemiRandom-AUMENTA PARAM=6-AUMENTA PARAM=4-AUMENTA PARAM=3-DISMINUYE PARAM=5, 0, 0, 68.4, 0.025, 0.009185553049373222, 19.069721563153447],[3.0915E8, 6.99690345366687E8, 1.22639036502305E8]
R, [case-0-Random, 0, 0, 244.6845574100827, 0.018219161347858233, 0.07237227253045901, 19.777688123311016],[3.0915E8, 7.24649110914642E8, 9.39010802840867E7]
R, [case-4-Random, 0, 0, 249.41932448984818, 0.02198803752059911, 0.034039477689009494, 6.137610233823341],[3.0915E8, 3.79069319654815E8, 1.4797391095698E9]
R, [case-6-Random, 0, 0, 238.97170162079794, 0.023739640170948855, 0.08223597564916024, 12.44363186595803],[3.0915E8, 4.03628584177907E8, 1.20357838300082E9]
R, [case-17-Random, 0, 0, 327.4349343663768, 0.00898898114210257, 0.06648688161636902, 19.680105632657078],[3.0915E8, 6.37144133675133E8, 8.49897824437494E8]
R, [case-17-Random, 0, 0, 327.4349343663768, 0.00898898114210257, 0.06648688161636902, 19.680105632657078],[3.0915E8, 8.7309136930629E8, 1.03663764855104E7]
R, [case-30-Random, 0, 0, 274.10242916119154, 0.015451735469785219, 0.008488178021068864, 1.6010079293516948],[3.0915E8, 6.45931455763855E8, 7.78994543382926E8]
R, [case-30-Random, 0, 0, 274.10242916119154, 0.015451735469785219, 0.008488178021068864, 1.6010079293516948],[3.0915E8, 8.77359061458773E8, 9887813.03679457]
R, [case-35-Random, 0, 0, 337.93704193802074, 0.014892923910580573, 0.005379094653299592, 18.626660770091483],[3.0915E8, 5.11147438814432E8, 1.1800637896937E9]
R, [case-35-Random, 0, 0, 337.93704193802074, 0.014892923910580573, 0.005379094653299592, 18.626660770091483],[3.0915E8, 8.04468351571984E8, 1.56382061953588E7]
R, [case-53-Random, 0, 0, 253.2205597210292, 0.015310056822678303, 0.006368063558582091, 18.991149320658014],[3.0915E8, 7.14869800969352E8, 3.53201741135038E8]
R, [case-55-Random, 0, 0, 235.3389454050352, 0.013896369986501258, 0.07010990219877396, 2.9332321024822785],[3.0915E8, 5.13753016230894E8, 1.16388019134337E9]
R, [case-55-Random, 0, 0, 235.3389454050352, 0.013896369986501258, 0.07010990219877396, 2.9332321024822785],[3.0915E8, 8.07512514033576E8, 1.45203596042237E7]
R, [case-71-Random, 0, 0, 311.30563040320357, 0.022294909823623157, 0.053284887891695, 16.85068255123929],[3.0915E8, 7.3526479058416E8, 7.45631992438715E7]
R, [case-83-Random, 0, 0, 131.4306523433003, 0.014612534574898278, 0.04237784180429337, 11.899724947757976],[3.0915E8, 7.05812521852688E8, 5.37060064904452E8]
R, [case-83-Random, 0, 0, 131.4306523433003, 0.014612534574898278, 0.04237784180429337, 11.899724947757976],[3.0915E8, 9.35744893539281E8, 7393861.76561625]
R, [case-95-Random, 0, 0, 115.55102405195915, 0.017507878306075655, 0.03090297307873817, 2.358865575521557],[3.0915E8, 7.00181719523825E8, 6.5210039433796E8]
R, [case-95-Random, 0, 0, 115.55102405195915, 0.017507878306075655, 0.03090297307873817, 2.358865575521557],[3.0915E8, 9.32893988440154E8, 8277366.9206797]
RM, [case-0-Random-DISMINUYE PARAM=6-AUMENTA PARAM=3-AUMENTA PARAM=5-AUMENTA PARAM=4, 0, 0, 244.8, 0.01837, 0.07246380738949985, 19.678329698147703],[3.0915E8, 6.9908320677165E8, 6.61670553917387E8]
RM, [case-6-Random-AUMENTA PARAM=3-AUMENTA PARAM=4-AUMENTA PARAM=6-AUMENTA PARAM=5, 0, 0, 241.20000000000002, 0.025, 0.10206170054859134, 12.577901456548018],[3.0915E8, 5.22236099639791E8, 1.55968595052591E9]
RM, [case-30-Random, 0, 0, 274.10242916119154, 0.015451735469785219, 0.008488178021068864, 1.6010079293516948],[3.0915E8, 6.45931455763855E8, 7.78994543382926E8]
RM, [case-53-Random, 0, 0, 253.2205597210292, 0.015310056822678303, 0.006368063558582091, 18.991149320658014],[3.0915E8, 7.14869800969352E8, 3.53201741135038E8]
RM, [case-83-Random, 0, 0, 131.4306523433003, 0.014612534574898278, 0.04237784180429337, 11.899724947757976],[3.0915E8, 7.05812521852688E8, 5.37060064904452E8]
RM, [case-95-Random, 0, 0, 115.55102405195915, 0.017507878306075655, 0.03090297307873817, 2.358865575521557],[3.0915E8, 7.00181719523825E8, 6.5210039433796E8]
SR, [case-8-SemiRandom, 0, 0, 52.12666406481782, 0.019778557089595524, 0.001730331020667366, 15.719431097055969],[3.0915E8, 6.19311020526858E8, 1.08449117192259E9]
SR, [case-8-SemiRandom, 0, 0, 52.12666406481782, 0.019778557089595524, 0.001730331020667366, 15.719431097055969],[3.0915E8, 9.31963959853332E8, 1.66505478581341E7]
SR, [case-25-SemiRandom, 0, 0, 321.2067807727447, 0.02264513323268696, 0.07081682363405639, 1.2827187297095222],[3.0915E8, 5.32301761717443E8, 1.24509819034494E9]
SR, [case-26-SemiRandom, 0, 0, 94.44850157577012, 0.010620823762222164, 0.03182784062371592, 10.468147168065137],[3.0915E8, 7.06300199684644E8, 5.44686205998748E8]
SR, [case-26-SemiRandom, 0, 0, 94.44850157577012, 0.010620823762222164, 0.03182784062371592, 10.468147168065137],[3.0915E8, 9.41848718310517E8, 7748823.5880395]
SR, [case-68-SemiRandom, 0, 0, 237.44249881429562, 0.011152677815916823, 0.05922370969081132, 13.684159397609017],[3.0915E8, 7.14837296215541E8, 4.22030571277929E8]
SR, [case-71-SemiRandom, 0, 0, 336.03377682107276, 0.013696894712489652, 0.07993785020899866, 17.854748608668228],[3.0915E8, 5.56860159869583E8, 1.23589629493497E9]
SR, [case-81-SemiRandom, 0, 0, 353.0475780581928, 0.009213874741661703, 0.015683361280401972, 14.14019686509337],[3.0915E8, 6.98447642733335E8, 6.06318369202358E8]
SRM, [case-25-SemiRandom, 0, 0, 321.2067807727447, 0.02264513323268696, 0.07081682363405639, 1.2827187297095222],[3.0915E8, 5.32301761717443E8, 1.24509819034494E9]
SRM, [case-26-SemiRandom, 0, 0, 94.44850157577012, 0.010620823762222164, 0.03182784062371592, 10.468147168065137],[3.0915E8, 7.06300199684644E8, 5.44686205998748E8]
SRM, [case-68-SemiRandom, 0, 0, 237.44249881429562, 0.011152677815916823, 0.05922370969081132, 13.684159397609017],[3.0915E8, 7.14837296215541E8, 4.22030571277929E8]
SRM, [case-81-SemiRandom, 0, 0, 353.0475780581928, 0.009213874741661703, 0.015683361280401972, 14.14019686509337],[3.0915E8, 6.98447642733335E8, 6.06318369202358E8]
R, [case-7-Random, 0, 0, 129.643545292999, 0.021634407538628612, 0.03895215019133339, 7.859402531067461],[3.0915E8, 3.82716360411737E8, 1.54509138503089E9]
R, [case-9-Random, 0, 0, 210.03442082379337, 0.02434889715484909, 0.010341418368218953, 11.489977540260616],[3.0915E8, 5.72542718524219E8, 9.98666881725394E8]
R, [case-16-Random, 0, 0, 222.16894976142166, 0.013707603032217002, 0.029621722362615153, 18.290699445306586],[3.0915E8, 5.00968605447594E8, 1.17404312529466E9]
R, [case-16-Random, 0, 0, 222.16894976142166, 0.013707603032217002, 0.029621722362615153, 18.290699445306586],[3.0915E8, 7.9383054531463E8, 1.51439818099856E7]
R, [case-20-Random, 0, 0, 194.36129014518605, 0.019090599743565945, 0.021260907397071805, 8.631658783778148],[3.0915E8, 7.05051077364017E8, 9.99868504868754E7]
R, [case-30-Random, 0, 0, 275.93264777015855, 0.02190916237717208, 0.057637592704905524, 2.840755572527864],[3.0915E8, 5.52612756684269E8, 1.02225541086419E9]
R, [case-30-Random, 0, 0, 275.93264777015855, 0.02190916237717208, 0.057637592704905524, 2.840755572527864],[3.0915E8, 8.50302536263428E8, 1.43167283811472E7]
R, [case-46-Random, 0, 0, 47.16435636476353, 0.018434522036485317, 0.010635725994443901, 12.878613899102769],[3.0915E8, 6.23049103960077E8, 8.84265888761493E8]
R, [case-78-Random, 0, 0, 137.1521314542884, 0.013019835670393727, 0.03727804726507505, 7.777669812160869],[3.0915E8, 6.86959990936558E8, 8.55318636189198E8]
R, [case-78-Random, 0, 0, 137.1521314542884, 0.013019835670393727, 0.03727804726507505, 7.777669812160869],[3.0915E8, 9.34857393446953E8, 1.13052147164575E7]
R, [case-89-Random, 0, 0, 199.12644621689566, 0.016870066616320754, 0.021345473345985466, 15.754058487988491],[3.0915E8, 7.64367154475189E8, 1.57085458391933E7]
R, [case-94-Random, 0, 0, 359.3188900274271, 0.019083708927673783, 0.03253783688437632, 7.927381092724195],[3.0915E8, 4.67674645424928E8, 1.22008536686828E9]
RM, [case-9-Random, 0, 0, 210.03442082379337, 0.02434889715484909, 0.010341418368218953, 11.489977540260616],[3.0915E8, 5.72542718524219E8, 9.98666881725394E8]
RM, [case-16-Random-AUMENTA PARAM=6-DISMINUYE PARAM=4-DISMINUYE PARAM=3-AUMENTA PARAM=5, 0, 0, 219.6, 0.01361, 0.03265974417554923, 18.461113428159187],[3.0915E8, 6.8721345591515E8, 1.88663817613793E8]
RM, [case-30-Random, 0, 0, 275.93264777015855, 0.02190916237717208, 0.057637592704905524, 2.840755572527864],[3.0915E8, 5.52612756684269E8, 1.02225541086419E9]
RM, [case-46-Random, 0, 0, 47.16435636476353, 0.018434522036485317, 0.010635725994443901, 12.878613899102769],[3.0915E8, 6.23049103960077E8, 8.84265888761493E8]
RM, [case-78-Random, 0, 0, 137.1521314542884, 0.013019835670393727, 0.03727804726507505, 7.777669812160869],[3.0915E8, 6.86959990936558E8, 8.55318636189198E8]
SR, [case-13-SemiRandom, 0, 0, 264.44757678895775, 0.02248014964165107, 0.04500504017396573, 11.501232997250131],[3.0915E8, 3.78622265872284E8, 1.40806386791395E9]
SR, [case-21-SemiRandom, 0, 0, 344.624296318622, 0.01231616726663169, 0.08998524576324114, 12.273430917964182],[3.0915E8, 7.31373006831986E8, 7.0500662178273E7]
SR, [case-22-SemiRandom, 0, 0, 128.54601139150378, 0.018422990115283703, 0.02099807560941848, 16.090268732054398],[3.0915E8, 9.04310529849107E8, 1.64199600188744E7]
SR, [case-46-SemiRandom, 0, 0, 167.4383388868887, 0.01590016883273978, 0.05448492462447601, 18.34623755933783],[3.0915E8, 6.96270274387408E8, 6.52797422609185E8]
SR, [case-47-SemiRandom, 0, 0, 201.061421990281, 0.01567548963931813, 0.053201238977069326, 10.065081732334933],[3.0915E8, 6.43909737571199E8, 8.38863822681613E8]
SR, [case-62-SemiRandom, 0, 0, 106.58048292974779, 0.019920393163134698, 0.02591278352245354, 18.868529250368077],[3.0915E8, 6.18112734671421E8, 1.24107051682472E9]
SR, [case-62-SemiRandom, 0, 0, 106.58048292974779, 0.019920393163134698, 0.02591278352245354, 18.868529250368077],[3.0915E8, 9.52995535148697E8, 1.63460673732671E7]
SR, [case-72-SemiRandom, 0, 0, 143.6663812486887, 0.008626292799867057, 0.07117512251395318, 15.002730415887575],[3.0915E8, 3.42178662596079E8, 1.53263103349284E9]
SRM, [case-46-SemiRandom, 0, 0, 167.4383388868887, 0.01590016883273978, 0.05448492462447601, 18.34623755933783],[3.0915E8, 6.96270274387408E8, 6.52797422609185E8]
SRM, [case-47-SemiRandom, 0, 0, 201.061421990281, 0.01567548963931813, 0.053201238977069326, 10.065081732334933],[3.0915E8, 6.43909737571199E8, 8.38863822681613E8]
R, [case-0-Random, 0, 0, 122.17071922225419, 0.01434909825101352, 0.0719319355314183, 5.822558179891851],[3.0915E8, 7.24276387995372E8, 1.20816385154775E8]
R, [case-19-Random, 0, 0, 83.45297865603116, 0.011126395628007829, 0.030333445012952678, 17.129380040358242],[3.0915E8, 7.14179103079408E8, 6.06422691015301E8]
R, [case-19-Random, 0, 0, 83.45297865603116, 0.011126395628007829, 0.030333445012952678, 17.129380040358242],[3.0915E8, 9.52981897021429E8, 8309406.60287122]
R, [case-21-Random, 0, 0, 292.10548965790684, 0.009011182668605266, 0.0666304985845473, 18.84290551034701],[3.0915E8, 4.26421930158499E8, 1.26935500844705E9]
R, [case-26-Random, 0, 0, 53.40794355850209, 0.02098737136563905, 0.09412434926456117, 7.900670633842464],[3.0915E8, 7.15665681896719E8, 3.75395611354942E8]
R, [case-28-Random, 0, 0, 226.14961607069236, 0.010435958897875982, 0.08186203153414824, 14.244862176389532],[3.0915E8, 7.66780122930224E8, 1.54886957802616E7]
R, [case-31-Random, 0, 0, 317.41994162248204, 0.0123367201815795, 0.0797072319078409, 18.026268057114684],[3.0915E8, 5.96003852582401E8, 1.11712989625835E9]
R, [case-33-Random, 0, 0, 43.650031440934406, 0.021673857343597735, 0.064512001374954, 14.658084876704281],[3.0915E8, 6.34368779834035E8, 6.62287628706743E8]
R, [case-34-Random, 0, 0, 288.22715782907653, 0.014719787927365748, 0.08758880553129178, 2.981720398708857],[3.0915E8, 4.10388738869731E8, 1.30152299369567E9]
R, [case-36-Random, 0, 0, 7.309848357989499, 0.013661290059830194, 0.003850280318169456, 9.031217681746059],[3.0915E8, 6.973466437928E8, 6.11339018111846E8]
R, [case-64-Random, 0, 0, 106.69550196800074, 0.009743925396420546, 0.006156570103654564, 19.259443611906164],[3.0915E8, 6.70492405775672E8, 6.19796728837007E8]
R, [case-65-Random, 0, 0, 116.29642948908011, 0.010595934500315832, 0.09935133563575645, 18.358430735977315],[3.0915E8, 6.23776155466683E8, 9.81109972583568E8]
R, [case-65-Random, 0, 0, 116.29642948908011, 0.010595934500315832, 0.09935133563575645, 18.358430735977315],[3.0915E8, 9.42918913427562E8, 1.54194868670137E7]
R, [case-77-Random, 0, 0, 205.72362800876468, 0.013267485126368155, 0.029110159642888787, 4.0686471582597],[3.0915E8, 4.52132453678518E8, 1.26659573971412E9]
R, [case-77-Random, 0, 0, 205.72362800876468, 0.013267485126368155, 0.029110159642888787, 4.0686471582597],[3.0915E8, 7.28705093611024E8, 1.59002221409719E7]
R, [case-81-Random, 0, 0, 294.9889204152052, 0.009071064115605302, 0.036983738591987406, 0.8045594866547926],[3.0915E8, 5.33619942102866E8, 1.23899286093093E9]
RM, [case-19-Random, 0, 0, 83.45297865603116, 0.011126395628007829, 0.030333445012952678, 17.129380040358242],[3.0915E8, 7.14179103079408E8, 6.06422691015301E8]
RM, [case-26-Random-AUMENTA PARAM=4-AUMENTA PARAM=5-AUMENTA PARAM=6-AUMENTA PARAM=3, 0, 0, 75.60000000000001, 0.025, 0.10206170054859134, 7.911905754925366],[3.0915E8, 4.55405843303953E8, 1.63987594518459E9]
RM, [case-33-Random-AUMENTA PARAM=3-DISMINUYE PARAM=6-AUMENTA PARAM=4-AUMENTA PARAM=5, 0, 0, 90.0, 0.02211, 0.06634010535658438, 14.606595239862214],[3.0915E8, 6.05490525744577E8, 8.41608493690016E8]
RM, [case-36-Random, 0, 0, 7.309848357989499, 0.013661290059830194, 0.003850280318169456, 9.031217681746059],[3.0915E8, 6.973466437928E8, 6.11339018111846E8]
RM, [case-64-Random-AUMENTA PARAM=4-AUMENTA PARAM=3-AUMENTA PARAM=6-DISMINUYE PARAM=5, 0, 0, 108.0, 0.01497, 0.006123702032915481, 19.272590941484864],[3.0915E8, 7.17236780900391E8, 8.7426443103042E7]
RM, [case-81-Random, 0, 0, 294.9889204152052, 0.009071064115605302, 0.036983738591987406, 0.8045594866547926],[3.0915E8, 5.33619942102866E8, 1.23899286093093E9]
SR, [case-2-SemiRandom, 0, 0, 68.78925798251424, 0.02101131744189244, 0.07963916783659804, 14.020814991826935],[3.0915E8, 4.76572426603236E8, 1.52921421183927E9]
SR, [case-2-SemiRandom, 0, 0, 68.78925798251424, 0.02101131744189244, 0.07963916783659804, 14.020814991826935],[3.0915E8, 7.51756646483296E8, 1.88841226683585E7]
SR, [case-5-SemiRandom, 0, 0, 201.53934873402034, 0.0190219748193979, 0.0016944664439598083, 6.828065243565757],[3.0915E8, 6.09189450193749E8, 1.0310623132645E9]
SR, [case-5-SemiRandom, 0, 0, 201.53934873402034, 0.0190219748193979, 0.0016944664439598083, 6.828065243565757],[3.0915E8, 9.16867634528342E8, 1.56676788971596E7]
SR, [case-11-SemiRandom, 0, 0, 37.79467331093685, 0.01833009999806846, 0.020319894073916912, 16.531873775484208],[3.0915E8, 6.79027626413719E8, 4.37466581697093E8]
SR, [case-19-SemiRandom, 0, 0, 144.13482462076678, 0.010143491613993815, 0.010293535213235349, 13.822940933418316],[3.0915E8, 6.69055092604672E8, 5.80040091576966E8]
SR, [case-28-SemiRandom, 0, 0, 167.47837682077662, 0.011834078962009121, 0.04608758175454596, 8.710784856921501],[3.0915E8, 5.53357162731979E8, 1.06944897764023E9]
SR, [case-30-SemiRandom, 0, 0, 255.60793869323652, 0.014618056573913414, 0.07612398004333536, 6.7750825235085586],[3.0915E8, 5.22432136376665E8, 1.47016487812493E9]
SR, [case-30-SemiRandom, 0, 0, 255.60793869323652, 0.014618056573913414, 0.07612398004333536, 6.7750825235085586],[3.0915E8, 8.22031679505491E8, 1.73049773261033E7]
SR, [case-37-SemiRandom, 0, 0, 251.20440261189296, 0.014486296511765626, 0.01004338840817945, 14.521794863020585],[3.0915E8, 6.94831340262231E8, 3.0770402518343E8]
SR, [case-79-SemiRandom, 0, 0, 293.88778789888, 0.011249142471089593, 0.06459574586065017, 8.707168493382504],[3.0915E8, 6.8590419413671E8, 3.14523719691336E8]
SR, [case-88-SemiRandom, 0, 0, 23.020422650900155, 0.016194102787522736, 0.08756256235794138, 12.648414045708943],[3.0915E8, 7.01391472304354E8, 1.04762886733922E8]
SRM, [case-2-SemiRandom-AUMENTA PARAM=4-DISMINUYE PARAM=6-AUMENTA PARAM=5-AUMENTA PARAM=3, 0, 0, 79.2, 0.025, 0.10206170054859134, 13.997987104867954],[3.0915E8, 5.42437447119344E8, 1.55244497885364E9]
SRM, [case-5-SemiRandom, 0, 0, 201.53934873402034, 0.0190219748193979, 0.0016944664439598083, 6.828065243565757],[3.0915E8, 6.09189450193749E8, 1.0310623132645E9]
SRM, [case-11-SemiRandom, 0, 0, 37.79467331093685, 0.01833009999806846, 0.020319894073916912, 16.531873775484208],[3.0915E8, 6.79027626413719E8, 4.37466581697093E8]
SRM, [case-19-SemiRandom, 0, 0, 144.13482462076678, 0.010143491613993815, 0.010293535213235349, 13.822940933418316],[3.0915E8, 6.69055092604672E8, 5.80040091576966E8]
SRM, [case-28-SemiRandom, 0, 0, 167.47837682077662, 0.011834078962009121, 0.04608758175454596, 8.710784856921501],[3.0915E8, 5.53357162731979E8, 1.06944897764023E9]
SRM, [case-37-SemiRandom, 0, 0, 251.20440261189296, 0.014486296511765626, 0.01004338840817945, 14.521794863020585],[3.0915E8, 6.94831340262231E8, 3.0770402518343E8]
